{
  "iteration": 2,
  "reward_mean": 218.36363636363637,
  "timestamp": "2026-03-04T12:30:34.851307"
}